status,product_area,response,justification,request_type
replied,features and usage,"Thanks for reaching out. Based on the available Claude support guidance, this is related to api and integrations, but it does not provide enough detail for a more specific answer. I can only share guidance that is supported by the provided documentation.",Replied because no escalation risk was detected and the response is grounded in the top retrieved document for features and usage. Classified as product_issue; top similarity=0.2178.,product_issue
escalated,payments and transactions,"Thanks for reaching out. This issue needs review by a support specialist because it may involve sensitive account, legal, payment, or financial risk. Please avoid sharing passwords, full card numbers, CVV codes, or other secrets in this ticket while the specialist reviews it.",Escalated because the ticket matched risk category: payment dispute. Classified as product_issue in payments and transactions for HackerRank.,product_issue
replied,payments and transactions,"Thanks for reaching out. The available Visa documentation points this to payments and transactions, but it does not provide a guaranteed fix for this specific failed payment. Please retry the payment details you control and work with the merchant or card issuer for transaction-specific help.",Replied because no escalation risk was detected and the response is grounded in the top retrieved document for payments and transactions. Classified as product_issue; top similarity=0.3066.,product_issue
replied,payments and transactions,"Thanks for reaching out. The available HackerRank documentation points this to payments and transactions, but it does not provide a guaranteed fix for this specific failed payment. Please retry the payment details you control and work with the merchant or card issuer for transaction-specific help.",Replied because no escalation risk was detected and the response is grounded in the top retrieved document for payments and transactions. Classified as bug; top similarity=0.5098.,bug
replied,payments and transactions,"Thanks for reaching out. The available HackerRank documentation points this to payments and transactions, but it does not provide a guaranteed fix for this specific failed payment. Please retry the payment details you control and work with the merchant or card issuer for transaction-specific help.",Replied because no escalation risk was detected and the response is grounded in the top retrieved document for payments and transactions. Classified as product_issue; top similarity=0.1241.,product_issue
replied,assessments and interviews,"Thanks for reaching out. Based on the available HackerRank support guidance, this is related to assessments and interviews, but it does not provide enough detail for a more specific answer. I can only share guidance that is supported by the provided documentation.",Replied because no escalation risk was detected and the response is grounded in the top retrieved document for assessments and interviews. Classified as product_issue; top similarity=0.0862.,product_issue
replied,features and usage,"Thanks for reaching out. The available documentation suggests this is related to features and usage, but it does not confirm a specific outage or root cause for this issue. Please try the documented product flow again and share the exact error details with support if it continues.",Replied because no escalation risk was detected and the response is grounded in the top retrieved document for features and usage. Classified as bug; top similarity=0.0801.,bug
replied,assessments and interviews,"Thanks for reaching out. Based on the available HackerRank support guidance, this is related to assessments and interviews, but it does not provide enough detail for a more specific answer. I can only share guidance that is supported by the provided documentation.",Replied because no escalation risk was detected and the response is grounded in the top retrieved document for assessments and interviews. Classified as product_issue; top similarity=0.1072.,product_issue
replied,features and usage,"Thanks for reaching out. The available documentation suggests this is related to assessments and interviews, but it does not confirm a specific outage or root cause for this issue. Please try the documented product flow again and share the exact error details with support if it continues.",Replied because no escalation risk was detected and the response is grounded in the top retrieved document for features and usage. Classified as bug; top similarity=0.0686.,bug
replied,assessments and interviews,"Thanks for the suggestion. Based on the available HackerRank guidance, this seems related to api and integrations, but it does not confirm that this feature is currently available. I will treat this as a feature request rather than promising existing support.",Replied because no escalation risk was detected and the response is grounded in the top retrieved document for assessments and interviews. Classified as feature_request; top similarity=0.1231.,feature_request
replied,assessments and interviews,"Thanks for reaching out. Based on the available HackerRank support guidance, this is related to assessments and interviews, but it does not provide enough detail for a more specific answer. I can only share guidance that is supported by the provided documentation.",Replied because no escalation risk was detected and the response is grounded in the top retrieved document for assessments and interviews. Classified as product_issue; top similarity=0.1470.,product_issue
replied,billing and plans,"Thanks for reaching out. Based on the available Claude support guidance, this is an account access or security issue. Please use the product's documented account recovery or sign-in flow and avoid sharing passwords or verification codes in the ticket.",Replied because no escalation risk was detected and the response is grounded in the top retrieved document for billing and plans. Classified as bug; top similarity=0.0516.,bug
replied,features and usage,"Thanks for reaching out. Based on the available HackerRank support guidance, this is related to assessments and interviews, but it does not provide enough detail for a more specific answer. I can only share guidance that is supported by the provided documentation.",Replied because no escalation risk was detected and the response is grounded in the top retrieved document for features and usage. Classified as product_issue; top similarity=0.0648.,product_issue
replied,billing and plans,"Thanks for reaching out. Based on the available HackerRank support guidance, this is an account access or security issue. Please use the product's documented account recovery or sign-in flow and avoid sharing passwords or verification codes in the ticket.",Replied because no escalation risk was detected and the response is grounded in the top retrieved document for billing and plans. Classified as product_issue; top similarity=0.5256.,product_issue
replied,api and integrations,"Thanks for reaching out. Based on the available Claude support guidance, this is related to api and integrations, but it does not provide enough detail for a more specific answer. I can only share guidance that is supported by the provided documentation.",Replied because no escalation risk was detected and the response is grounded in the top retrieved document for api and integrations. Classified as product_issue; top similarity=0.1452.,product_issue
escalated,account access and security,"Thanks for reaching out. This issue needs review by a support specialist because it may involve sensitive account, legal, payment, or financial risk. Please avoid sharing passwords, full card numbers, CVV codes, or other secrets in this ticket while the specialist reviews it.",Escalated because the ticket matched risk category: fraud. Classified as product_issue in account access and security for Visa.,product_issue
replied,assessments and interviews,"Thanks for reaching out. Based on the available HackerRank support guidance, this is related to assessments and interviews, but it does not provide enough detail for a more specific answer. I can only share guidance that is supported by the provided documentation.",Replied because no escalation risk was detected and the response is grounded in the top retrieved document for assessments and interviews. Classified as product_issue; top similarity=0.5210.,product_issue
replied,assessments and interviews,"Thanks for reaching out. The available documentation suggests this is related to api and integrations, but it does not confirm a specific outage or root cause for this issue. Please try the documented product flow again and share the exact error details with support if it continues.",Replied because no escalation risk was detected and the response is grounded in the top retrieved document for assessments and interviews. Classified as bug; top similarity=0.3043.,bug
escalated,payments and transactions,"Thanks for reaching out. This issue needs review by a support specialist because it may involve sensitive account, legal, payment, or financial risk. Please avoid sharing passwords, full card numbers, CVV codes, or other secrets in this ticket while the specialist reviews it.",Escalated because the ticket matched risk category: payment dispute. Classified as product_issue in payments and transactions for Visa.,product_issue
replied,features and usage,"Thanks for reaching out. Based on the available Claude support guidance, this is an account access or security issue. Please use the product's documented account recovery or sign-in flow and avoid sharing passwords or verification codes in the ticket.",Replied because no escalation risk was detected and the response is grounded in the top retrieved document for features and usage. Classified as bug; top similarity=0.1850.,bug
replied,features and usage,"Thanks for reaching out. Based on the available Claude support guidance, this is related to features and usage, but it does not provide enough detail for a more specific answer. I can only share guidance that is supported by the provided documentation.",Replied because no escalation risk was detected and the response is grounded in the top retrieved document for features and usage. Classified as product_issue; top similarity=0.1542.,product_issue
replied,travel support,"Thanks for reaching out. Based on the available Visa support guidance, this is related to travel support, but it does not provide enough detail for a more specific answer. I can only share guidance that is supported by the provided documentation.",Replied because no escalation risk was detected and the response is grounded in the top retrieved document for travel support. Classified as product_issue; top similarity=0.2589.,product_issue
replied,api and integrations,"Thanks for reaching out. Based on the available Claude support guidance, this is an account access or security issue. Please use the product's documented account recovery or sign-in flow and avoid sharing passwords or verification codes in the ticket.",Replied because no escalation risk was detected and the response is grounded in the top retrieved document for api and integrations. Classified as product_issue; top similarity=0.1453.,product_issue
replied,assessments and interviews,"Thanks for reaching out. Based on the available Claude support guidance, this is related to assessments and interviews, but it does not provide enough detail for a more specific answer. I can only share guidance that is supported by the provided documentation.",Replied because no escalation risk was detected and the response is grounded in the top retrieved document for assessments and interviews. Classified as product_issue; top similarity=0.1399.,product_issue
replied,payments and transactions,"Thanks for reaching out. The available Visa documentation points this to payments and transactions, but it does not provide a guaranteed fix for this specific failed payment. Please retry the payment details you control and work with the merchant or card issuer for transaction-specific help.",Replied because no escalation risk was detected and the response is grounded in the top retrieved document for payments and transactions. Classified as product_issue; top similarity=0.1479.,product_issue
replied,api and integrations,"Thanks for reaching out. Based on the available Claude support guidance, this is related to api and integrations, but it does not provide enough detail for a more specific answer. I can only share guidance that is supported by the provided documentation.",Replied because no escalation risk was detected and the response is grounded in the top retrieved document for api and integrations. Classified as product_issue; top similarity=0.2034.,product_issue
replied,assessments and interviews,"Thanks for reaching out. Based on the available HackerRank support guidance, this is related to assessments and interviews, but it does not provide enough detail for a more specific answer. I can only share guidance that is supported by the provided documentation.",Replied because no escalation risk was detected and the response is grounded in the top retrieved document for assessments and interviews. Classified as product_issue; top similarity=0.0740.,product_issue
replied,account access and security,"Thanks for reaching out. Based on the available Claude support guidance, this is an account access or security issue. Please use the product's documented account recovery or sign-in flow and avoid sharing passwords or verification codes in the ticket.",Replied because no escalation risk was detected and the response is grounded in the top retrieved document for account access and security. Classified as product_issue; top similarity=0.3299.,product_issue
replied,payments and transactions,"Thanks for reaching out. The available Visa documentation points this to payments and transactions, but it does not provide a guaranteed fix for this specific failed payment. Please retry the payment details you control and work with the merchant or card issuer for transaction-specific help.",Replied because no escalation risk was detected and the response is grounded in the top retrieved document for payments and transactions. Classified as product_issue; top similarity=0.3083.,product_issue
